GRADE,Lower2GradeWeight,Lower1GradeWeight,SameGradeWeight,Higher1GradeWeight,Higher2GradeWeight,InherentSlotAmount,ExtraSlotAmount_Decoration,ExtraSlotAmount_Engraving,ExtraSlotAmount_Inscription,BaseAlchemyGold,BaseCubeExp,BaseContamin,BaseContamin_Material
COMMON,0,0,0,100000,5000,0,0,0,0,10,2,1,2
UNCOMMON,0,0,0,100000,4000,1,0,0,0,30,6,2,3
RARE,0,0,0,100000,2500,1,1,0,0,90,18,3,4
LEGENDARY,0,0,0,100000,1000,2,2,0,0,270,54,5,6
IMMORTAL,0,0,100000,100000,500,2,2,1,0,810,162,10,8
ARCANA,0,0,100000,50000,250,3,2,1,1,2592,518,30,12
BEYOND,0,0,100000,30000,100,3,2,2,1,8294,1658,50,16
CELESTIAL,0,0,100000,20000,20,3,2,2,2,29029,5803,100,20
DIVINE,0,0,100000,10000,0,3,2,2,2,101602,20311,250,25
COSMIC,0,0,0,0,0,3,2,2,2,355607,71089,500,30
