LevelKey,Level,CostItemKey,CostValue,STATTYPE,Value
1,1,100001,100,AllHeroAttackDamage,1
10,1,100001,200,AdditionalGoldStageBoss,10
10,2,100001,300,AdditionalGoldStageBoss,10
10,3,100001,500,AdditionalGoldStageBoss,10
20,1,100001,200,AdditionalExpStageBoss,10
20,2,100001,300,AdditionalExpStageBoss,10
20,3,100001,500,AdditionalExpStageBoss,10
11,1,100001,300,MaxInventorySlot,1
11,2,100001,350,MaxInventorySlot,1
11,3,100001,400,MaxInventorySlot,1
12,1,100001,1000,MaxInventorySlot,1
12,2,100001,1200,MaxInventorySlot,1
12,3,100001,1500,MaxInventorySlot,1
13,1,100001,5000,MaxInventorySlot,1
13,2,100001,6000,MaxInventorySlot,1
13,3,100001,7000,MaxInventorySlot,1
14,1,100001,20000,MaxInventorySlot,1
14,2,100001,25000,MaxInventorySlot,1
14,3,100001,30000,MaxInventorySlot,1
15,1,100001,100000,MaxInventorySlot,1
15,2,100001,110000,MaxInventorySlot,1
15,3,100001,120000,MaxInventorySlot,1
16,1,100001,300000,MaxInventorySlot,1
16,2,100001,330000,MaxInventorySlot,1
16,3,100001,360000,MaxInventorySlot,1
1801,1,100001,1000000,MaxInventorySlot,1
1801,2,100001,1200000,MaxInventorySlot,1
1801,3,100001,1400000,MaxInventorySlot,1
1802,1,100001,1300000,MaxInventorySlot,1
1802,2,100001,1560000,MaxInventorySlot,1
1802,3,100001,1820000,MaxInventorySlot,1
1803,1,100001,1690000,MaxInventorySlot,1
1803,2,100001,2030000,MaxInventorySlot,1
1803,3,100001,2370000,MaxInventorySlot,1
1804,1,100001,2200000,MaxInventorySlot,1
1804,2,100001,2640000,MaxInventorySlot,1
1804,3,100001,3080000,MaxInventorySlot,1
1805,1,100001,2860000,MaxInventorySlot,1
1805,2,100001,3430000,MaxInventorySlot,1
1805,3,100001,4000000,MaxInventorySlot,1
1806,1,100001,3720000,MaxInventorySlot,1
1806,2,100001,4460000,MaxInventorySlot,1
1806,3,100001,5200000,MaxInventorySlot,1
1807,1,100001,4840000,MaxInventorySlot,1
1807,2,100001,5800000,MaxInventorySlot,1
1807,3,100001,6760000,MaxInventorySlot,1
1808,1,100001,6290000,MaxInventorySlot,1
1808,2,100001,7540000,MaxInventorySlot,1
1808,3,100001,8790000,MaxInventorySlot,1
1901,1,100001,1000000,MaxInventorySlot,1
1901,2,100001,1200000,MaxInventorySlot,1
1901,3,100001,1400000,MaxInventorySlot,1
1902,1,100001,1300000,MaxInventorySlot,1
1902,2,100001,1560000,MaxInventorySlot,1
1902,3,100001,1820000,MaxInventorySlot,1
1903,1,100001,1690000,MaxInventorySlot,1
1903,2,100001,2030000,MaxInventorySlot,1
1903,3,100001,2370000,MaxInventorySlot,1
1904,1,100001,2200000,MaxInventorySlot,1
1904,2,100001,2640000,MaxInventorySlot,1
1904,3,100001,3080000,MaxInventorySlot,1
1905,1,100001,2860000,MaxInventorySlot,1
1905,2,100001,3430000,MaxInventorySlot,1
1905,3,100001,4000000,MaxInventorySlot,1
1906,1,100001,3720000,MaxInventorySlot,1
1906,2,100001,4460000,MaxInventorySlot,1
1906,3,100001,5200000,MaxInventorySlot,1
1907,1,100001,4840000,MaxInventorySlot,1
1907,2,100001,5800000,MaxInventorySlot,1
1907,3,100001,6760000,MaxInventorySlot,1
1908,1,100001,6290000,MaxInventorySlot,1
1908,2,100001,7540000,MaxInventorySlot,1
1908,3,100001,8790000,MaxInventorySlot,1
11001,1,100001,100,UnlockOfflineReward,1
110011,1,100001,500,OfflineRewardGoldPercent,100
110011,2,100001,1000,OfflineRewardGoldPercent,100
110011,3,100001,1500,OfflineRewardGoldPercent,100
110012,1,100001,500,OfflineRewardExpPercent,100
110012,2,100001,1000,OfflineRewardExpPercent,100
110012,3,100001,1500,OfflineRewardExpPercent,100
11002,1,100001,1000,MaxAmountNormalChest,1
11003,1,100001,30000,MaxAmountStageBossChest,1
11004,1,100001,50000,MaxAmountActBossChest,1
13001,1,100001,10000,UnlockStashPageCount,1
13002,1,100001,10000,UnlockAutoOpenNormalChest,300
130021,1,100001,5000,ReduceAutoOpenNormalChestTime,3
130021,2,100001,10000,ReduceAutoOpenNormalChestTime,3
130021,3,100001,15000,ReduceAutoOpenNormalChestTime,3
15001,1,100001,200000,UnlockAutoOpenStageBossChest,600
150011,1,100001,100000,ReduceAutoOpenStageBossChestTime,5
150011,2,100001,150000,ReduceAutoOpenStageBossChestTime,5
150011,3,100001,200000,ReduceAutoOpenStageBossChestTime,5
15002,1,100001,50000,OfflineRewardGoldPercent,100
15002,2,100001,75000,OfflineRewardGoldPercent,100
15002,3,100001,100000,OfflineRewardGoldPercent,100
150021,1,100001,75000,OfflineRewardExpPercent,100
150021,2,100001,100000,OfflineRewardExpPercent,100
150021,3,100001,125000,OfflineRewardExpPercent,100
16001,1,100001,3000000,UnlockStashPageCount,1
160011,1,100001,50000000,UnlockStashPageCount,1
180201,1,100001,1000000,OfflineRewardGoldPercent,100
180201,2,100001,1200000,OfflineRewardGoldPercent,100
180201,3,100001,1400000,OfflineRewardGoldPercent,100
180201,4,100001,1600000,OfflineRewardGoldPercent,100
180201,5,100001,1800000,OfflineRewardGoldPercent,100
180301,1,100001,1000000,OfflineRewardExpPercent,100
180301,2,100001,1200000,OfflineRewardExpPercent,100
180301,3,100001,1400000,OfflineRewardExpPercent,100
180301,4,100001,1600000,OfflineRewardExpPercent,100
180301,5,100001,1800000,OfflineRewardExpPercent,100
180401,1,100001,5000000,OfflineRewardGoldPercent,100
180401,2,100001,5500000,OfflineRewardGoldPercent,100
180401,3,100001,6000000,OfflineRewardGoldPercent,100
180401,4,100001,6500000,OfflineRewardGoldPercent,100
180401,5,100001,7000000,OfflineRewardGoldPercent,100
180501,1,100001,5000000,OfflineRewardExpPercent,100
180501,2,100001,5500000,OfflineRewardExpPercent,100
180501,3,100001,6000000,OfflineRewardExpPercent,100
180501,4,100001,6500000,OfflineRewardExpPercent,100
180501,5,100001,7000000,OfflineRewardExpPercent,100
180601,1,100001,10000000,OfflineRewardGoldPercent,100
180601,2,100001,11000000,OfflineRewardGoldPercent,100
180601,3,100001,12000000,OfflineRewardGoldPercent,100
180601,4,100001,13000000,OfflineRewardGoldPercent,100
180601,5,100001,14000000,OfflineRewardGoldPercent,100
180701,1,100001,10000000,OfflineRewardExpPercent,100
180701,2,100001,11000000,OfflineRewardExpPercent,100
180701,3,100001,12000000,OfflineRewardExpPercent,100
180701,4,100001,13000000,OfflineRewardExpPercent,100
180701,5,100001,14000000,OfflineRewardExpPercent,100
1902001,1,100001,1000000,UnlockAutoOpenActBossChest,60
19020011,1,100001,500000,ReduceAutoOpenActBossChestTime,1
19020011,2,100001,700000,ReduceAutoOpenActBossChestTime,1
19020011,3,100001,900000,ReduceAutoOpenActBossChestTime,1
190301,1,100001,1000000,ReduceAutoOpenNormalChestTime,2
190301,2,100001,1200000,ReduceAutoOpenNormalChestTime,2
190301,3,100001,1400000,ReduceAutoOpenNormalChestTime,2
190301,4,100001,1600000,ReduceAutoOpenNormalChestTime,2
190301,5,100001,1800000,ReduceAutoOpenNormalChestTime,2
190302,1,100001,1000000,ReduceAutoOpenStageBossChestTime,4
190302,2,100001,1200000,ReduceAutoOpenStageBossChestTime,4
190302,3,100001,1400000,ReduceAutoOpenStageBossChestTime,4
190302,4,100001,1600000,ReduceAutoOpenStageBossChestTime,4
190302,5,100001,1800000,ReduceAutoOpenStageBossChestTime,4
190401,1,100001,1500000,ReduceAutoOpenActBossChestTime,1
190401,2,100001,2000000,ReduceAutoOpenActBossChestTime,1
190401,3,100001,2500000,ReduceAutoOpenActBossChestTime,1
190501,1,100001,5000000,ReduceAutoOpenNormalChestTime,2
190501,2,100001,5500000,ReduceAutoOpenNormalChestTime,2
190501,3,100001,6000000,ReduceAutoOpenNormalChestTime,2
190501,4,100001,6500000,ReduceAutoOpenNormalChestTime,2
190501,5,100001,7000000,ReduceAutoOpenNormalChestTime,2
1905011,1,100001,25000000,ReduceAutoOpenNormalChestTime,2
1905011,2,100001,27500000,ReduceAutoOpenNormalChestTime,2
1905011,3,100001,30000000,ReduceAutoOpenNormalChestTime,2
1905011,4,100001,32500000,ReduceAutoOpenNormalChestTime,2
1905011,5,100001,35000000,ReduceAutoOpenNormalChestTime,2
190502,1,100001,5000000,ReduceAutoOpenStageBossChestTime,4
190502,2,100001,5500000,ReduceAutoOpenStageBossChestTime,4
190502,3,100001,6000000,ReduceAutoOpenStageBossChestTime,4
190502,4,100001,6500000,ReduceAutoOpenStageBossChestTime,4
190502,5,100001,7000000,ReduceAutoOpenStageBossChestTime,4
1905021,1,100001,25000000,ReduceAutoOpenStageBossChestTime,4
1905021,2,100001,27500000,ReduceAutoOpenStageBossChestTime,4
1905021,3,100001,30000000,ReduceAutoOpenStageBossChestTime,4
1905021,4,100001,32500000,ReduceAutoOpenStageBossChestTime,4
1905021,5,100001,35000000,ReduceAutoOpenStageBossChestTime,4
21,1,100001,1000,UnlockArrangeSlotCount,1
22,1,100001,500,MaxInventorySlot,1
22,2,100001,1000,MaxInventorySlot,1
22,3,100001,1500,MaxInventorySlot,1
23,1,100001,5000,MaxInventorySlot,1
23,2,100001,7000,MaxInventorySlot,1
23,3,100001,10000,MaxInventorySlot,1
23,4,100001,15000,MaxInventorySlot,1
23,5,100001,20000,MaxInventorySlot,1
24,1,100001,150000,UnlockArrangeSlotCount,1
25,1,100001,500,IncreaseGoldAmount,50
25,2,100001,1000,IncreaseGoldAmount,50
25,3,100001,1500,IncreaseGoldAmount,50
26,1,100001,5000,IncreaseExpAmount,50
26,2,100001,7000,IncreaseExpAmount,50
26,3,100001,10000,IncreaseExpAmount,50
27,1,100001,50000,UnlockSkillSlotCount,1
101,1,100001,500,DropChanceNormalChestPercent,100
101,2,100001,500,DropChanceNormalChestPercent,100
101,3,100001,500,DropChanceNormalChestPercent,100
102,1,100001,1000,DropChanceStageBossChestPercent,200
102,2,100001,1100,DropChanceStageBossChestPercent,200
102,3,100001,1200,DropChanceStageBossChestPercent,200
103,1,100001,3000,DropChanceNormalChestPercent,70
103,2,100001,3300,DropChanceNormalChestPercent,70
103,3,100001,3600,DropChanceNormalChestPercent,70
103,4,100001,3900,DropChanceNormalChestPercent,70
103,5,100001,4200,DropChanceNormalChestPercent,70
104,1,100001,8000,DropChanceStageBossChestPercent,150
104,2,100001,8500,DropChanceStageBossChestPercent,150
104,3,100001,9000,DropChanceStageBossChestPercent,150
104,4,100001,9500,DropChanceStageBossChestPercent,150
104,5,100001,10000,DropChanceStageBossChestPercent,150
105,1,100001,30000,DropChanceNormalChestPercent,70
105,2,100001,33000,DropChanceNormalChestPercent,70
105,3,100001,36000,DropChanceNormalChestPercent,70
105,4,100001,39000,DropChanceNormalChestPercent,70
105,5,100001,42000,DropChanceNormalChestPercent,70
106,1,100001,45000,DropChanceStageBossChestPercent,150
106,2,100001,48000,DropChanceStageBossChestPercent,150
106,3,100001,51000,DropChanceStageBossChestPercent,150
106,4,100001,54000,DropChanceStageBossChestPercent,150
106,5,100001,57000,DropChanceStageBossChestPercent,150
107,1,100001,60000,DropChanceNormalChestPercent,50
107,2,100001,65000,DropChanceNormalChestPercent,50
107,3,100001,70000,DropChanceNormalChestPercent,50
107,4,100001,75000,DropChanceNormalChestPercent,50
107,5,100001,80000,DropChanceNormalChestPercent,50
108,1,100001,150000,DropChanceStageBossChestPercent,100
108,2,100001,160000,DropChanceStageBossChestPercent,100
108,3,100001,170000,DropChanceStageBossChestPercent,100
108,4,100001,180000,DropChanceStageBossChestPercent,100
108,5,100001,190000,DropChanceStageBossChestPercent,100
109,1,100001,150000,DropChanceNormalChestPercent,50
109,2,100001,170000,DropChanceNormalChestPercent,50
109,3,100001,190000,DropChanceNormalChestPercent,50
109,4,100001,210000,DropChanceNormalChestPercent,50
109,5,100001,230000,DropChanceNormalChestPercent,50
110,1,100001,250000,DropChanceStageBossChestPercent,100
110,2,100001,450000,DropChanceStageBossChestPercent,100
110,3,100001,650000,DropChanceStageBossChestPercent,100
110,4,100001,850000,DropChanceStageBossChestPercent,100
110,5,100001,1050000,DropChanceStageBossChestPercent,100
111,1,100001,500000,DropChanceNormalChestPercent,50
111,2,100001,550000,DropChanceNormalChestPercent,50
111,3,100001,600000,DropChanceNormalChestPercent,50
111,4,100001,650000,DropChanceNormalChestPercent,50
111,5,100001,700000,DropChanceNormalChestPercent,50
112,1,100001,700000,DropChanceStageBossChestPercent,100
112,2,100001,750000,DropChanceStageBossChestPercent,100
112,3,100001,800000,DropChanceStageBossChestPercent,100
112,4,100001,850000,DropChanceStageBossChestPercent,100
112,5,100001,900000,DropChanceStageBossChestPercent,100
113,1,100001,900000,DropChanceNormalChestPercent,50
113,2,100001,990000,DropChanceNormalChestPercent,50
113,3,100001,1080000,DropChanceNormalChestPercent,50
113,4,100001,1170000,DropChanceNormalChestPercent,50
113,5,100001,1260000,DropChanceNormalChestPercent,50
114,1,100001,1300000,DropChanceStageBossChestPercent,100
114,2,100001,1400000,DropChanceStageBossChestPercent,100
114,3,100001,1500000,DropChanceStageBossChestPercent,100
114,4,100001,1600000,DropChanceStageBossChestPercent,100
114,5,100001,1700000,DropChanceStageBossChestPercent,100
115,1,100001,1950000,DropChanceNormalChestPercent,50
115,2,100001,2100000,DropChanceNormalChestPercent,50
115,3,100001,2250000,DropChanceNormalChestPercent,50
115,4,100001,2400000,DropChanceNormalChestPercent,50
115,5,100001,2550000,DropChanceNormalChestPercent,50
116,1,100001,2930000,DropChanceStageBossChestPercent,100
116,2,100001,3150000,DropChanceStageBossChestPercent,100
116,3,100001,3380000,DropChanceStageBossChestPercent,100
116,4,100001,3600000,DropChanceStageBossChestPercent,100
116,5,100001,3830000,DropChanceStageBossChestPercent,100
117,1,100001,4400000,DropChanceNormalChestPercent,50
117,2,100001,4730000,DropChanceNormalChestPercent,50
117,3,100001,5070000,DropChanceNormalChestPercent,50
117,4,100001,5400000,DropChanceNormalChestPercent,50
117,5,100001,5750000,DropChanceNormalChestPercent,50
118,1,100001,6600000,DropChanceStageBossChestPercent,100
118,2,100001,7100000,DropChanceStageBossChestPercent,100
118,3,100001,7610000,DropChanceStageBossChestPercent,100
118,4,100001,8100000,DropChanceStageBossChestPercent,100
118,5,100001,8630000,DropChanceStageBossChestPercent,100
119,1,100001,9900000,DropChanceNormalChestPercent,50
119,2,100001,10650000,DropChanceNormalChestPercent,50
119,3,100001,11420000,DropChanceNormalChestPercent,50
119,4,100001,12150000,DropChanceNormalChestPercent,50
119,5,100001,12950000,DropChanceNormalChestPercent,50
120,1,100001,12870000,DropChanceStageBossChestPercent,100
120,2,100001,15980000,DropChanceStageBossChestPercent,100
120,3,100001,17130000,DropChanceStageBossChestPercent,100
120,4,100001,18230000,DropChanceStageBossChestPercent,100
120,5,100001,19430000,DropChanceStageBossChestPercent,100
121,1,100001,19310000,DropChanceNormalChestPercent,50
121,2,100001,23970000,DropChanceNormalChestPercent,50
121,3,100001,25700000,DropChanceNormalChestPercent,50
121,4,100001,27350000,DropChanceNormalChestPercent,50
121,5,100001,29150000,DropChanceNormalChestPercent,50
122,1,100001,28970000,DropChanceStageBossChestPercent,100
122,2,100001,35960000,DropChanceStageBossChestPercent,100
122,3,100001,38550000,DropChanceStageBossChestPercent,100
122,4,100001,41030000,DropChanceStageBossChestPercent,100
122,5,100001,43730000,DropChanceStageBossChestPercent,100
123,1,100001,43460000,DropChanceNormalChestPercent,50
123,2,100001,53940000,DropChanceNormalChestPercent,50
123,3,100001,57830000,DropChanceNormalChestPercent,50
123,4,100001,61550000,DropChanceNormalChestPercent,50
123,5,100001,65600000,DropChanceNormalChestPercent,50
124,1,100001,65190000,DropChanceStageBossChestPercent,100
124,2,100001,80910000,DropChanceStageBossChestPercent,100
124,3,100001,86750000,DropChanceStageBossChestPercent,100
124,4,100001,92330000,DropChanceStageBossChestPercent,100
124,5,100001,98400000,DropChanceStageBossChestPercent,100
125,1,100001,97790000,DropChanceNormalChestPercent,50
125,2,100001,121370000,DropChanceNormalChestPercent,50
125,3,100001,130130000,DropChanceNormalChestPercent,50
125,4,100001,138500000,DropChanceNormalChestPercent,50
125,5,100001,147600000,DropChanceNormalChestPercent,50
126,1,100001,146690000,DropChanceStageBossChestPercent,100
126,2,100001,182060000,DropChanceStageBossChestPercent,100
126,3,100001,195200000,DropChanceStageBossChestPercent,100
126,4,100001,207750000,DropChanceStageBossChestPercent,100
126,5,100001,221400000,DropChanceStageBossChestPercent,100
127,1,100001,220040000,DropChanceNormalChestPercent,50
127,2,100001,233090000,DropChanceNormalChestPercent,50
127,3,100001,252800000,DropChanceNormalChestPercent,50
127,4,100001,271630000,DropChanceNormalChestPercent,50
127,5,100001,292100000,DropChanceNormalChestPercent,50
128,1,100001,250060000,DropChanceStageBossChestPercent,100
128,2,100001,279640000,DropChanceStageBossChestPercent,100
128,3,100001,299200000,DropChanceStageBossChestPercent,100
128,4,100001,317450000,DropChanceStageBossChestPercent,100
128,5,100001,338150000,DropChanceStageBossChestPercent,100
1021,1,100001,500,OpenOneTypeChestAllAtOnce,1
1031,1,100001,20000,MaxAmountNormalChest,1
1051,1,100001,30000,MaxInventorySlot,1
1051,2,100001,33000,MaxInventorySlot,1
1051,3,100001,36000,MaxInventorySlot,1
1051,4,100001,39000,MaxInventorySlot,1
1051,5,100001,42000,MaxInventorySlot,1
1052,1,100001,50000,MaxAmountNormalChest,1
1053,1,100001,40000,DropChanceNormalChestPercent,70
1053,2,100001,45000,DropChanceNormalChestPercent,70
1053,3,100001,50000,DropChanceNormalChestPercent,70
1054,1,100001,100000,MaxInventorySlot,1
1054,2,100001,110000,MaxInventorySlot,1
1054,3,100001,120000,MaxInventorySlot,1
1054,4,100001,130000,MaxInventorySlot,1
1054,5,100001,140000,MaxInventorySlot,1
1055,1,100001,10000,OpenAllTypeChestAllAtOnce,1
1056,1,100001,100000,MaxAmountActBossChest,1
1061,1,100001,100000,MaxAmountNormalChest,1
1071,1,100001,500000,MaxAmountStageBossChest,1
1072,1,100001,200000,MaxAmountNormalChest,1
1091,1,100001,300000,MaxAmountNormalChest,1
1101,1,100001,500000,MaxAmountNormalChest,1
1102,1,100001,1000000,MaxAmountStageBossChest,1
1111,1,100001,1500000,MaxAmountStageBossChest,1
1121,1,100001,1000000,MaxAmountNormalChest,1
1131,1,100001,2000000,MaxAmountNormalChest,1
1132,1,100001,3000000,MaxAmountStageBossChest,1
1133,1,100001,5000000,MaxAmountActBossChest,1
1141,1,100001,5000000,MaxAmountStageBossChest,1
1142,1,100001,3000000,MaxAmountNormalChest,1
1161,1,100001,5000000,MaxAmountNormalChest,1
11611,1,100001,7000000,MaxAmountNormalChest,1
1162,1,100001,6000000,MaxAmountPlagueNormalChest,1
1163,1,100001,30000000,UnlockAutoOpenPlagueNormalChest,600
11631,1,100001,30000000,ReduceAutoOpenPlagueNormalChestTime,4
11631,2,100001,35000000,ReduceAutoOpenPlagueNormalChestTime,4
11631,3,100001,40000000,ReduceAutoOpenPlagueNormalChestTime,4
11631,4,100001,45000000,ReduceAutoOpenPlagueNormalChestTime,4
11631,5,100001,50000000,ReduceAutoOpenPlagueNormalChestTime,4
1164,1,100001,15000000,MaxAmountPlagueStageBossChest,1
1165,1,100001,75000000,UnlockAutoOpenPlagueStageBossChest,1200
11651,1,100001,80000000,ReduceAutoOpenPlagueStageBossChestTime,8
11651,2,100001,85000000,ReduceAutoOpenPlagueStageBossChestTime,8
11651,3,100001,90000000,ReduceAutoOpenPlagueStageBossChestTime,8
11651,4,100001,95000000,ReduceAutoOpenPlagueStageBossChestTime,8
11651,5,100001,100000000,ReduceAutoOpenPlagueStageBossChestTime,8
1166,1,100001,40000000,MaxAmountPlagueActBossChest,1
1167,1,100001,150000000,UnlockAutoOpenPlagueActBossChest,120
11671,1,100001,155000000,ReduceAutoOpenPlagueActBossChestTime,1
11671,2,100001,160000000,ReduceAutoOpenPlagueActBossChestTime,1
11671,3,100001,165000000,ReduceAutoOpenPlagueActBossChestTime,1
11671,4,100001,170000000,ReduceAutoOpenPlagueActBossChestTime,1
11671,5,100001,175000000,ReduceAutoOpenPlagueActBossChestTime,1
1171,1,100001,20000000,WaveCountReduction,1
1172,1,100001,10000000,MaxAmountStageBossChest,1
1181,1,100001,50000000,MaxAmountStageBossChest,1
1182,1,100001,30000000,MaxAmountActBossChest,1
1191,1,100001,10000000,MaxAmountNormalChest,1
1201,1,100001,15000000,MaxAmountNormalChest,1
1202,1,100001,70000000,MaxAmountStageBossChest,1
1203,1,100001,50000000,MaxAmountActBossChest,1
1221,1,100001,90000000,MaxAmountStageBossChest,1
1222,1,100001,60000000,MaxAmountActBossChest,1
1241,1,100001,20000000,MaxAmountNormalChest,1
1251,1,100001,100000000,MaxAmountStageBossChest,1
1252,1,100001,70000000,MaxAmountActBossChest,1
1261,1,100001,120000000,MaxAmountStageBossChest,1
1262,1,100001,80000000,MaxAmountActBossChest,1
1281,1,100001,150000000,MaxAmountStageBossChest,1
1282,1,100001,90000000,MaxAmountActBossChest,1
12821,1,100001,100000000,MaxAmountActBossChest,1
201,1,100001,1000,AdditionalGold,1
202,1,100001,1000,IncreaseGoldAmount,100
202,2,100001,2000,IncreaseGoldAmount,100
202,3,100001,3000,IncreaseGoldAmount,100
202,4,100001,4000,IncreaseGoldAmount,100
202,5,100001,5000,IncreaseGoldAmount,100
203,1,100001,2000,AdditionalGoldStageBoss,30
203,2,100001,4000,AdditionalGoldStageBoss,30
203,3,100001,6000,AdditionalGoldStageBoss,30
203,4,100001,8000,AdditionalGoldStageBoss,30
203,5,100001,10000,AdditionalGoldStageBoss,30
204,1,100001,20000,AdditionalGoldNormalMonster,1
205,1,100001,10000,AdditionalGoldActBoss,500
205,2,100001,20000,AdditionalGoldActBoss,500
205,3,100001,30000,AdditionalGoldActBoss,500
205,4,100001,40000,AdditionalGoldActBoss,500
205,5,100001,50000,AdditionalGoldActBoss,500
206,1,100001,30000,IncreaseGoldAmount,50
206,2,100001,50000,IncreaseGoldAmount,50
206,3,100001,70000,IncreaseGoldAmount,50
206,4,100001,90000,IncreaseGoldAmount,50
206,5,100001,110000,IncreaseGoldAmount,50
207,1,100001,50000,AdditionalGoldStageBoss,100
207,2,100001,55000,AdditionalGoldStageBoss,100
207,3,100001,60000,AdditionalGoldStageBoss,100
207,4,100001,65000,AdditionalGoldStageBoss,100
207,5,100001,70000,AdditionalGoldStageBoss,100
208,1,100001,150000,IncreaseGoldAmount,50
208,2,100001,200000,IncreaseGoldAmount,50
208,3,100001,250000,IncreaseGoldAmount,50
208,4,100001,300000,IncreaseGoldAmount,50
208,5,100001,350000,IncreaseGoldAmount,50
209,1,100001,200000,AdditionalGoldStageBoss,500
209,2,100001,220000,AdditionalGoldStageBoss,500
209,3,100001,240000,AdditionalGoldStageBoss,500
209,4,100001,260000,AdditionalGoldStageBoss,500
209,5,100001,280000,AdditionalGoldStageBoss,500
210,1,100001,500000,IncreaseGoldAmount,50
210,2,100001,600000,IncreaseGoldAmount,50
210,3,100001,700000,IncreaseGoldAmount,50
210,4,100001,800000,IncreaseGoldAmount,50
210,5,100001,900000,IncreaseGoldAmount,50
211,1,100001,700000,AdditionalGoldStageBoss,1000
211,2,100001,750000,AdditionalGoldStageBoss,1000
211,3,100001,850000,AdditionalGoldStageBoss,1000
211,4,100001,900000,AdditionalGoldStageBoss,1000
211,5,100001,950000,AdditionalGoldStageBoss,1000
212,1,100001,2000000,IncreaseGoldAmount,50
212,2,100001,3000000,IncreaseGoldAmount,50
212,3,100001,4000000,IncreaseGoldAmount,50
212,4,100001,5000000,IncreaseGoldAmount,50
212,5,100001,6000000,IncreaseGoldAmount,50
213,1,100001,3000000,AdditionalGoldStageBoss,2000
213,2,100001,3300000,AdditionalGoldStageBoss,2000
213,3,100001,3600000,AdditionalGoldStageBoss,2000
213,4,100001,3900000,AdditionalGoldStageBoss,2000
213,5,100001,4200000,AdditionalGoldStageBoss,2000
214,1,100001,20000000,IncreaseGoldAmount,50
214,2,100001,25000000,IncreaseGoldAmount,50
214,3,100001,30000000,IncreaseGoldAmount,50
214,4,100001,35000000,IncreaseGoldAmount,50
214,5,100001,40000000,IncreaseGoldAmount,50
215,1,100001,50000000,AdditionalGoldStageBoss,5000
215,2,100001,55000000,AdditionalGoldStageBoss,5000
215,3,100001,60000000,AdditionalGoldStageBoss,5000
215,4,100001,65000000,AdditionalGoldStageBoss,5000
215,5,100001,70000000,AdditionalGoldStageBoss,5000
2031,1,100001,20000,CubeAlchemyGoldPercent,100
2032,1,100001,10000,CubeExpPercent,40
2032,2,100001,15000,CubeExpPercent,40
2032,3,100001,20000,CubeExpPercent,40
2032,4,100001,25000,CubeExpPercent,40
2032,5,100001,30000,CubeExpPercent,40
2071,1,100001,100000,AdditionalGoldNormalMonster,1
2091,1,100001,300000,AdditionalGoldActBoss,2000
2091,2,100001,330000,AdditionalGoldActBoss,2000
2091,3,100001,360000,AdditionalGoldActBoss,2000
2091,4,100001,390000,AdditionalGoldActBoss,2000
2091,5,100001,420000,AdditionalGoldActBoss,2000
2111,1,100001,1000000,AdditionalGold,1
2111,2,100001,2000000,AdditionalGold,1
2111,3,100001,3000000,AdditionalGold,1
2111,4,100001,4000000,AdditionalGold,1
2111,5,100001,5000000,AdditionalGold,1
2131,1,100001,5000000,CubeAlchemyGoldPercent,100
2131,2,100001,7000000,CubeAlchemyGoldPercent,100
2131,3,100001,10000000,CubeAlchemyGoldPercent,100
2132,1,100001,1000000,CubeExpPercent,50
2132,2,100001,2000000,CubeExpPercent,50
2132,3,100001,3000000,CubeExpPercent,50
2132,4,100001,4000000,CubeExpPercent,50
2132,5,100001,5000000,CubeExpPercent,50
2151,1,100001,40000000,AdditionalGoldNormalMonster,5
2151,2,100001,50000000,AdditionalGoldNormalMonster,5
2152,1,100001,30000000,AdditionalGoldActBoss,50000
2152,2,100001,40000000,AdditionalGoldActBoss,50000
2152,3,100001,50000000,AdditionalGoldActBoss,50000
2152,4,100001,60000000,AdditionalGoldActBoss,50000
2152,5,100001,70000000,AdditionalGoldActBoss,50000
301,1,100001,1000,AdditionalExp,1
302,1,100001,500,IncreaseExpAmount,100
302,2,100001,1000,IncreaseExpAmount,100
302,3,100001,1500,IncreaseExpAmount,100
302,4,100001,2000,IncreaseExpAmount,100
302,5,100001,2500,IncreaseExpAmount,100
303,1,100001,1000,AdditionalExpStageBoss,10
303,2,100001,1200,AdditionalExpStageBoss,10
303,3,100001,1400,AdditionalExpStageBoss,10
303,4,100001,1700,AdditionalExpStageBoss,10
303,5,100001,2000,AdditionalExpStageBoss,10
304,1,100001,15000,AdditionalExpNormalMonster,1
305,1,100001,6000,AdditionalExpActBoss,100
305,2,100001,7000,AdditionalExpActBoss,100
305,3,100001,8000,AdditionalExpActBoss,100
306,1,100001,30000,IncreaseExpAmount,50
306,2,100001,50000,IncreaseExpAmount,50
306,3,100001,70000,IncreaseExpAmount,50
306,4,100001,90000,IncreaseExpAmount,50
306,5,100001,110000,IncreaseExpAmount,50
307,1,100001,50000,AdditionalExpStageBoss,100
307,2,100001,55000,AdditionalExpStageBoss,100
307,3,100001,60000,AdditionalExpStageBoss,100
307,4,100001,65000,AdditionalExpStageBoss,100
307,5,100001,70000,AdditionalExpStageBoss,100
308,1,100001,150000,IncreaseExpAmount,50
308,2,100001,200000,IncreaseExpAmount,50
308,3,100001,250000,IncreaseExpAmount,50
308,4,100001,300000,IncreaseExpAmount,50
308,5,100001,350000,IncreaseExpAmount,50
309,1,100001,200000,AdditionalExpStageBoss,500
309,2,100001,220000,AdditionalExpStageBoss,500
309,3,100001,240000,AdditionalExpStageBoss,500
309,4,100001,260000,AdditionalExpStageBoss,500
309,5,100001,280000,AdditionalExpStageBoss,500
310,1,100001,500000,IncreaseExpAmount,50
310,2,100001,600000,IncreaseExpAmount,50
310,3,100001,700000,IncreaseExpAmount,50
310,4,100001,800000,IncreaseExpAmount,50
310,5,100001,900000,IncreaseExpAmount,50
311,1,100001,700000,AdditionalExpStageBoss,1000
311,2,100001,750000,AdditionalExpStageBoss,1000
311,3,100001,850000,AdditionalExpStageBoss,1000
311,4,100001,900000,AdditionalExpStageBoss,1000
311,5,100001,950000,AdditionalExpStageBoss,1000
312,1,100001,2000000,IncreaseExpAmount,50
312,2,100001,3000000,IncreaseExpAmount,50
312,3,100001,4000000,IncreaseExpAmount,50
312,4,100001,5000000,IncreaseExpAmount,50
312,5,100001,6000000,IncreaseExpAmount,50
313,1,100001,3000000,AdditionalExpStageBoss,2000
313,2,100001,3300000,AdditionalExpStageBoss,2000
313,3,100001,3600000,AdditionalExpStageBoss,2000
313,4,100001,3900000,AdditionalExpStageBoss,2000
313,5,100001,4200000,AdditionalExpStageBoss,2000
314,1,100001,20000000,IncreaseExpAmount,50
314,2,100001,25000000,IncreaseExpAmount,50
314,3,100001,30000000,IncreaseExpAmount,50
314,4,100001,35000000,IncreaseExpAmount,50
314,5,100001,40000000,IncreaseExpAmount,50
315,1,100001,50000000,AdditionalExpStageBoss,5000
315,2,100001,55000000,AdditionalExpStageBoss,5000
315,3,100001,60000000,AdditionalExpStageBoss,5000
315,4,100001,65000000,AdditionalExpStageBoss,5000
315,5,100001,70000000,AdditionalExpStageBoss,5000
3031,1,100001,35000,CubeExpPercent,100
3032,1,100001,10000,CubeAlchemyGoldPercent,40
3032,2,100001,12000,CubeAlchemyGoldPercent,40
3032,3,100001,14000,CubeAlchemyGoldPercent,40
3032,4,100001,17000,CubeAlchemyGoldPercent,40
3032,5,100001,20000,CubeAlchemyGoldPercent,40
3061,1,100001,300000,AdditionalExpActBoss,500
3061,2,100001,330000,AdditionalExpActBoss,500
3061,3,100001,360000,AdditionalExpActBoss,500
3061,4,100001,390000,AdditionalExpActBoss,500
3061,5,100001,420000,AdditionalExpActBoss,500
3091,1,100001,1000000,AdditionalExpNormalMonster,1
3121,1,100001,1000000,CubeExpPercent,50
3121,2,100001,2000000,CubeExpPercent,50
3121,3,100001,3000000,CubeExpPercent,50
3121,4,100001,4000000,CubeExpPercent,50
3121,5,100001,5000000,CubeExpPercent,50
3122,1,100001,2000000,CubeAlchemyGoldPercent,50
3122,2,100001,2200000,CubeAlchemyGoldPercent,50
3122,3,100001,2400000,CubeAlchemyGoldPercent,50
3122,4,100001,2600000,CubeAlchemyGoldPercent,50
3122,5,100001,2800000,CubeAlchemyGoldPercent,50
3151,1,100001,5000000,AdditionalExp,5
3151,2,100001,5500000,AdditionalExp,5
3151,3,100001,6000000,AdditionalExp,5
3151,4,100001,6500000,AdditionalExp,5
3151,5,100001,7000000,AdditionalExp,5
3152,1,100001,10000000,AdditionalExpActBoss,2000
3152,2,100001,20000000,AdditionalExpActBoss,2000
3152,3,100001,30000000,AdditionalExpActBoss,2000
3152,4,100001,40000000,AdditionalExpActBoss,2000
3152,5,100001,50000000,AdditionalExpActBoss,2000
401,1,100001,2000,AllHeroArmor,5
401,2,100001,2500,AllHeroArmor,5
401,3,100001,3000,AllHeroArmor,5
402,1,100001,5000,AllHeroMoveSpeed,30
402,2,100001,5500,AllHeroMoveSpeed,30
402,3,100001,6000,AllHeroMoveSpeed,30
403,1,100001,2000,AllHeroArmor,5
403,2,100001,4000,AllHeroArmor,5
403,3,100001,6000,AllHeroArmor,5
403,4,100001,8000,AllHeroArmor,5
403,5,100001,10000,AllHeroArmor,5
403,6,100001,12000,AllHeroArmor,5
403,7,100001,15000,AllHeroArmor,5
403,8,100001,18000,AllHeroArmor,5
403,9,100001,21000,AllHeroArmor,5
403,10,100001,25000,AllHeroArmor,5
404,1,100001,20000,AllHeroMoveSpeed,20
404,2,100001,22000,AllHeroMoveSpeed,20
404,3,100001,24000,AllHeroMoveSpeed,20
404,4,100001,27000,AllHeroMoveSpeed,20
404,5,100001,30000,AllHeroMoveSpeed,20
405,1,100001,15000,AllHeroAttackDamagePercent,20
405,2,100001,20000,AllHeroAttackDamagePercent,20
405,3,100001,25000,AllHeroAttackDamagePercent,20
405,4,100001,30000,AllHeroAttackDamagePercent,20
405,5,100001,35000,AllHeroAttackDamagePercent,20
405,6,100001,40000,AllHeroAttackDamagePercent,20
405,7,100001,50000,AllHeroAttackDamagePercent,20
405,8,100001,60000,AllHeroAttackDamagePercent,20
405,9,100001,70000,AllHeroAttackDamagePercent,20
405,10,100001,80000,AllHeroAttackDamagePercent,20
406,1,100001,20000,AllHeroMoveSpeed,20
406,2,100001,22000,AllHeroMoveSpeed,20
406,3,100001,24000,AllHeroMoveSpeed,20
406,4,100001,27000,AllHeroMoveSpeed,20
406,5,100001,30000,AllHeroMoveSpeed,20
407,1,100001,20000,AllHeroArmorPercent,20
407,2,100001,22000,AllHeroArmorPercent,20
407,3,100001,24000,AllHeroArmorPercent,20
407,4,100001,27000,AllHeroArmorPercent,20
407,5,100001,30000,AllHeroArmorPercent,20
408,1,100001,20000,AllHeroAttackDamagePercent,30
408,2,100001,22000,AllHeroAttackDamagePercent,30
408,3,100001,24000,AllHeroAttackDamagePercent,30
408,4,100001,27000,AllHeroAttackDamagePercent,30
408,5,100001,30000,AllHeroAttackDamagePercent,30
409,1,100001,50000,AllHeroAttackSpeed,10
409,2,100001,55000,AllHeroAttackSpeed,10
409,3,100001,60000,AllHeroAttackSpeed,10
409,4,100001,65000,AllHeroAttackSpeed,10
409,5,100001,70000,AllHeroAttackSpeed,10
410,1,100001,50000,AllHeroArmor,5
410,2,100001,60000,AllHeroArmor,5
410,3,100001,70000,AllHeroArmor,5
410,4,100001,80000,AllHeroArmor,5
410,5,100001,90000,AllHeroArmor,5
411,1,100001,80000,AllHeroAttackDamage,1
411,2,100001,100000,AllHeroAttackDamage,1
411,3,100001,120000,AllHeroAttackDamage,1
411,4,100001,140000,AllHeroAttackDamage,1
411,5,100001,160000,AllHeroAttackDamage,1
412,1,100001,150000,AllHeroArmorPercent,50
412,2,100001,200000,AllHeroArmorPercent,50
412,3,100001,250000,AllHeroArmorPercent,50
412,4,100001,300000,AllHeroArmorPercent,50
412,5,100001,350000,AllHeroArmorPercent,50
413,1,100001,200000,AllHeroAttackDamagePercent,50
413,2,100001,400000,AllHeroAttackDamagePercent,50
413,3,100001,600000,AllHeroAttackDamagePercent,50
413,4,100001,800000,AllHeroAttackDamagePercent,50
413,5,100001,1000000,AllHeroAttackDamagePercent,50
414,1,100001,300000,AllHeroAttackSpeed,20
414,2,100001,500000,AllHeroAttackSpeed,20
414,3,100001,700000,AllHeroAttackSpeed,20
414,4,100001,900000,AllHeroAttackSpeed,20
414,5,100001,1100000,AllHeroAttackSpeed,20
4031,1,100001,30000,AllHeroAttackDamage,1
4061,1,100001,25000,AllHeroAttackSpeed,20
4061,2,100001,28000,AllHeroAttackSpeed,20
4061,3,100001,33000,AllHeroAttackSpeed,20
4081,1,100001,50000,AllHeroAttackDamage,1
4081,2,100001,70000,AllHeroAttackDamage,1
4081,3,100001,100000,AllHeroAttackDamage,1
4081,4,100001,150000,AllHeroAttackDamage,1
4081,5,100001,200000,AllHeroAttackDamage,1
4082,1,100001,5000000,AllHeroMoveSpeed,50
4101,1,100001,1000000,AllHeroMoveSpeed,20
4101,2,100001,1100000,AllHeroMoveSpeed,20
4101,3,100001,1200000,AllHeroMoveSpeed,20
4101,4,100001,1300000,AllHeroMoveSpeed,20
4101,5,100001,1400000,AllHeroMoveSpeed,20
1242,1,100001,150000000,WaveCountReduction,1
129,1,100001,270000000,DropChanceNormalChestPercent,50
129,2,100001,295000000,DropChanceNormalChestPercent,50
129,3,100001,320000000,DropChanceNormalChestPercent,50
129,4,100001,345000000,DropChanceNormalChestPercent,50
129,5,100001,370000000,DropChanceNormalChestPercent,50
130,1,100001,310000000,DropChanceStageBossChestPercent,100
130,2,100001,340000000,DropChanceStageBossChestPercent,100
130,3,100001,370000000,DropChanceStageBossChestPercent,100
130,4,100001,400000000,DropChanceStageBossChestPercent,100
130,5,100001,430000000,DropChanceStageBossChestPercent,100
131,1,100001,350000000,DropChanceNormalChestPercent,50
131,2,100001,385000000,DropChanceNormalChestPercent,50
131,3,100001,420000000,DropChanceNormalChestPercent,50
131,4,100001,455000000,DropChanceNormalChestPercent,50
131,5,100001,480000000,DropChanceNormalChestPercent,50
132,1,100001,380000000,DropChanceStageBossChestPercent,100
132,2,100001,420000000,DropChanceStageBossChestPercent,100
132,3,100001,460000000,DropChanceStageBossChestPercent,100
132,4,100001,500000000,DropChanceStageBossChestPercent,100
132,5,100001,540000000,DropChanceStageBossChestPercent,100
1301,1,100001,500000000,WaveCountReduction,1
11621,1,100001,15000000,MaxAmountPlagueNormalChest,1
11622,1,100001,50000000,MaxAmountPlagueNormalChest,1
11623,1,100001,200000000,MaxAmountPlagueNormalChest,1
11624,1,100001,500000000,MaxAmountPlagueNormalChest,1
11632,1,100001,100000000,ReduceAutoOpenPlagueNormalChestTime,4
11632,2,100001,110000000,ReduceAutoOpenPlagueNormalChestTime,4
11632,3,100001,120000000,ReduceAutoOpenPlagueNormalChestTime,4
11632,4,100001,130000000,ReduceAutoOpenPlagueNormalChestTime,4
11632,5,100001,140000000,ReduceAutoOpenPlagueNormalChestTime,4
11633,1,100001,250000000,ReduceAutoOpenPlagueNormalChestTime,4
11633,2,100001,280000000,ReduceAutoOpenPlagueNormalChestTime,4
11633,3,100001,310000000,ReduceAutoOpenPlagueNormalChestTime,4
11633,4,100001,340000000,ReduceAutoOpenPlagueNormalChestTime,4
11633,5,100001,370000000,ReduceAutoOpenPlagueNormalChestTime,4
11641,1,100001,50000000,MaxAmountPlagueStageBossChest,1
11642,1,100001,200000000,MaxAmountPlagueStageBossChest,1
11643,1,100001,500000000,MaxAmountPlagueStageBossChest,1
11644,1,100001,800000000,MaxAmountPlagueStageBossChest,1
11652,1,100001,150000000,ReduceAutoOpenPlagueStageBossChestTime,8
11652,2,100001,160000000,ReduceAutoOpenPlagueStageBossChestTime,8
11652,3,100001,170000000,ReduceAutoOpenPlagueStageBossChestTime,8
11652,4,100001,180000000,ReduceAutoOpenPlagueStageBossChestTime,8
11652,5,100001,190000000,ReduceAutoOpenPlagueStageBossChestTime,8
11653,1,100001,300000000,ReduceAutoOpenPlagueStageBossChestTime,8
11653,2,100001,330000000,ReduceAutoOpenPlagueStageBossChestTime,8
11653,3,100001,360000000,ReduceAutoOpenPlagueStageBossChestTime,8
11653,4,100001,390000000,ReduceAutoOpenPlagueStageBossChestTime,8
11653,5,100001,420000000,ReduceAutoOpenPlagueStageBossChestTime,8
11661,1,100001,200000000,MaxAmountPlagueActBossChest,1
11662,1,100001,500000000,MaxAmountPlagueActBossChest,1
11663,1,100001,800000000,MaxAmountPlagueActBossChest,1
11664,1,100001,1000000000,MaxAmountPlagueActBossChest,1
11672,1,100001,350000000,ReduceAutoOpenPlagueActBossChestTime,1
11672,2,100001,380000000,ReduceAutoOpenPlagueActBossChestTime,1
11672,3,100001,410000000,ReduceAutoOpenPlagueActBossChestTime,1
11672,4,100001,440000000,ReduceAutoOpenPlagueActBossChestTime,1
11672,5,100001,470000000,ReduceAutoOpenPlagueActBossChestTime,1
11673,1,100001,450000000,ReduceAutoOpenPlagueActBossChestTime,1
11673,2,100001,500000000,ReduceAutoOpenPlagueActBossChestTime,1
11673,3,100001,550000000,ReduceAutoOpenPlagueActBossChestTime,1
11673,4,100001,600000000,ReduceAutoOpenPlagueActBossChestTime,1
11673,5,100001,650000000,ReduceAutoOpenPlagueActBossChestTime,1
415,1,100001,2500000,AllHeroArmor,5
415,2,100001,2800000,AllHeroArmor,5
415,3,100001,3100000,AllHeroArmor,5
415,4,100001,3400000,AllHeroArmor,5
415,5,100001,3700000,AllHeroArmor,5
416,1,100001,4000000,AllHeroAttackDamage,1
416,2,100001,4500000,AllHeroAttackDamage,1
416,3,100001,5000000,AllHeroAttackDamage,1
416,4,100001,5500000,AllHeroAttackDamage,1
416,5,100001,6000000,AllHeroAttackDamage,1
417,1,100001,12000000,AllHeroAttackDamagePercent,20
417,2,100001,13000000,AllHeroAttackDamagePercent,20
417,3,100001,14000000,AllHeroAttackDamagePercent,20
417,4,100001,15000000,AllHeroAttackDamagePercent,20
417,5,100001,16000000,AllHeroAttackDamagePercent,20
418,1,100001,18000000,AllHeroAttackSpeed,20
418,2,100001,19500000,AllHeroAttackSpeed,20
418,3,100001,21000000,AllHeroAttackSpeed,20
418,4,100001,22500000,AllHeroAttackSpeed,20
418,5,100001,24000000,AllHeroAttackSpeed,20
419,1,100001,38000000,AllHeroArmor,5
419,2,100001,40000000,AllHeroArmor,5
419,3,100001,42000000,AllHeroArmor,5
419,4,100001,44000000,AllHeroArmor,5
419,5,100001,46000000,AllHeroArmor,5
420,1,100001,72000000,AllHeroAttackDamage,1
420,2,100001,75000000,AllHeroAttackDamage,1
420,3,100001,78000000,AllHeroAttackDamage,1
420,4,100001,81000000,AllHeroAttackDamage,1
420,5,100001,84000000,AllHeroAttackDamage,1
4171,1,100001,250000000,CubeExpPercent,20
4171,2,100001,260000000,CubeExpPercent,20
4171,3,100001,270000000,CubeExpPercent,20
4171,4,100001,280000000,CubeExpPercent,20
4171,5,100001,290000000,CubeExpPercent,20
4172,1,100001,250000000,CubeAlchemyGoldPercent,20
4172,2,100001,260000000,CubeAlchemyGoldPercent,20
4172,3,100001,270000000,CubeAlchemyGoldPercent,20
4172,4,100001,280000000,CubeAlchemyGoldPercent,20
4172,5,100001,290000000,CubeAlchemyGoldPercent,20
421,1,100001,105000000,AllHeroArmorPercent,20
421,2,100001,110000000,AllHeroArmorPercent,20
421,3,100001,115000000,AllHeroArmorPercent,20
421,4,100001,120000000,AllHeroArmorPercent,20
421,5,100001,125000000,AllHeroArmorPercent,20
422,1,100001,140000000,AllHeroAttackDamage,2
422,2,100001,150000000,AllHeroAttackDamage,2
422,3,100001,160000000,AllHeroAttackDamage,2
422,4,100001,170000000,AllHeroAttackDamage,2
422,5,100001,180000000,AllHeroAttackDamage,2
4211,1,100001,135000000,AllHeroMoveSpeed,10
4211,2,100001,140000000,AllHeroMoveSpeed,10
4211,3,100001,145000000,AllHeroMoveSpeed,10
4211,4,100001,150000000,AllHeroMoveSpeed,10
4211,5,100001,155000000,AllHeroMoveSpeed,10
11629,1,100001,5000000,DropChancePlagueNormalChestPercent,200
11629,2,100001,10000000,DropChancePlagueNormalChestPercent,200
11629,3,100001,20000000,DropChancePlagueNormalChestPercent,200
11629,4,100001,30000000,DropChancePlagueNormalChestPercent,200
11629,5,100001,40000000,DropChancePlagueNormalChestPercent,200
11649,1,100001,20000000,DropChancePlagueStageBossChestPercent,500
11649,2,100001,40000000,DropChancePlagueStageBossChestPercent,500
11649,3,100001,60000000,DropChancePlagueStageBossChestPercent,500
11649,4,100001,80000000,DropChancePlagueStageBossChestPercent,500
11649,5,100001,100000000,DropChancePlagueStageBossChestPercent,500
1211,1,100001,30000000,DropChancePlagueNormalChestPercent,100
1211,2,100001,45000000,DropChancePlagueNormalChestPercent,100
1211,3,100001,60000000,DropChancePlagueNormalChestPercent,100
1211,4,100001,75000000,DropChancePlagueNormalChestPercent,100
1211,5,100001,100000000,DropChancePlagueNormalChestPercent,100
1302,1,100001,400000000,DropChancePlagueStageBossChestPercent,300
1302,2,100001,440000000,DropChancePlagueStageBossChestPercent,300
1302,3,100001,480000000,DropChancePlagueStageBossChestPercent,300
1302,4,100001,520000000,DropChancePlagueStageBossChestPercent,300
1302,5,100001,560000000,DropChancePlagueStageBossChestPercent,300
1271,1,100001,250000000,DropChancePlagueNormalChestPercent,100
1271,2,100001,280000000,DropChancePlagueNormalChestPercent,100
1271,3,100001,310000000,DropChancePlagueNormalChestPercent,100
1271,4,100001,340000000,DropChancePlagueNormalChestPercent,100
1271,5,100001,370000000,DropChancePlagueNormalChestPercent,100
1322,1,100001,480000000,DropChancePlagueStageBossChestPercent,300
1322,2,100001,540000000,DropChancePlagueStageBossChestPercent,300
1322,3,100001,600000000,DropChancePlagueStageBossChestPercent,300
1322,4,100001,660000000,DropChancePlagueStageBossChestPercent,300
1322,5,100001,720000000,DropChancePlagueStageBossChestPercent,300
1311,1,100001,450000000,DropChancePlagueNormalChestPercent,100
1311,2,100001,500000000,DropChancePlagueNormalChestPercent,100
1311,3,100001,550000000,DropChancePlagueNormalChestPercent,100
1311,4,100001,600000000,DropChancePlagueNormalChestPercent,100
1311,5,100001,650000000,DropChancePlagueNormalChestPercent,100
